{
  "modifiedAt": 1531819637510,
  "description": "Prediction for customer to churn from business",
  "performanceMetrics": {
    "weightedTruePositiveRate": 0.9767699115044248,
    "accuracy": 0.9767699115044248,
    "weightedFMeasure": 0.9764962868841766,
    "classificationMetrics": [{
      "precision": 0.9740634005763689,
      "truePositiveRate": 0.9955817378497791,
      "label": 0.0,
      "falsePositiveRate": 0.08,
      "recall": 0.9955817378497791,
      "fMeasure": 0.9847050254916242
    }, {
      "precision": 0.9857142857142858,
      "truePositiveRate": 0.92,
      "label": 1.0,
      "falsePositiveRate": 0.004418262150220913,
      "recall": 0.92,
      "fMeasure": 0.9517241379310346
    }],
    "weightedRecall": 0.9767699115044248,
    "weightedFalsePositiveRate": 0.06118817365464569,
    "weightedPrecision": 0.9769632337135716,
    "confusionMatrix": {
      "numCols": 2,
      "numNonZeroes": 4,
      "numActives": 4,
      "values": [676.0, 3.0, 18.0, 207.0],
      "numRows": 2
    }
  },
  "modelVersion": 1,
  "modifiedBy": "1001"
}