{
  "author": "1001",
  "name": "BankingChurnMLNotebookModelLR",
  "features": [{
    "name": "AGE",
    "type": "integer",
    "sample": 20
  }, {
    "name": "ACTIVITY",
    "type": "integer",
    "sample": 1
  }, {
    "name": "EDUCATION",
    "type": "string",
    "sample": "Associate degree"
  }, {
    "name": "GENDER",
    "type": "string",
    "sample": "F"
  }, {
    "name": "STATE",
    "type": "string",
    "sample": "PA"
  }, {
    "name": "NEGTWEETS",
    "type": "integer",
    "sample": 15
  }, {
    "name": "INCOME",
    "type": "integer",
    "sample": 26700
  }],
  "params": {

  },
  "algorithmType": "Classification",
  "isPublished": false,
  "labelColumns": [{
    "name": "label",
    "type": "double"
  }],
  "serialization": "spark",
  "latestModelVersion": 1,
  "id": "1531819637510",
  "algorithm": "PipelineModel",
  "filename": "Churn ML Training Notebook Scala HDP LR.ipynb",
  "learningType": "Supervised",
  "createdAt": 1531819637510,
  "publishedModelVersion": -1,
  "publishedBy": "",
  "type": "spark-2.0",
  "runtime": "spark-2.0"
}