{"name":"cust_summary_raw_data.csv_flow","pipeline":{"version":"1.0","doc_type":"pipeline","app_data":{"shaperCreated":true,"replace_space_by_dot":true},"primary_pipeline":"pipeline1","pipelines":[{"id":"pipeline1","runtime":"Spark","nodes":[{"id":"source1","data_asset":{"app_data":{"project_name":"CustomerChurnLabMaster","dataset_name":"cust_summary_raw_data.csv"}},"type":"binding","output":{"id":"source1output"}},{"id":"7abee1d6-83e6-4b99-8e4a-457a2308c20b","type":"execution_node","op":"com.ibm.wdp.transformer.FreeformCode","app_data":{"uiParams":{"key":"mutate","code":"mutate(`INCOME` = as.integer(`INCOME`))","args":{"column":"INCOME","type":"as.integer","actualType":"String","newColumnName":""}}},"parameters":{"FREEFORM_CODE":"mutate(`INCOME` = as.integer(`INCOME`))%>%select('GENDER','AGE','INVESTMENT','INCOME','ACTIVITY',' YRLY_AMT','AVG_DAILY_TX','YRLY_TX','AVG_TX_AMT','NEGTWEETS','STATE','EDUCATION','label')"},"inputs":[{"id":"inputPort1","links":[{"node_id_ref":"source1","port_id_ref":"source1output"}]}],"outputs":[{"id":"outputPort1"}]},{"id":"target1","type":"binding","data_asset":{"properties":{"name":"cust_summary_raw_data.csv_shaped.csv","mode":"overwrite"},"app_data":{}},"input":{"id":"targetInput1","link":{"node_id_ref":"7abee1d6-83e6-4b99-8e4a-457a2308c20b","port_id_ref":"outputPort1"}}}]}]}}