{"name":"cust_summary_final_data.csv_flow","pipeline":{"version":"1.0","doc_type":"pipeline","app_data":{"shaperCreated":true,"replace_space_by_dot":true},"primary_pipeline":"pipeline1","pipelines":[{"id":"pipeline1","runtime":"Spark","nodes":[{"id":"source1","data_asset":{"app_data":{"project_name":"CustomerChurnLabMaster","dataset_name":"cust_summary_final_data.csv"}},"type":"binding","output":{"id":"source1output"}},{"id":"9cfa0aa6-cdcf-4547-8c25-2d66f4c445c6","type":"execution_node","op":"com.ibm.wdp.transformer.FreeformCode","app_data":{"uiParams":{"key":"mutate","code":"mutate(`AGE` = as.integer(`AGE`))","args":{"column":"AGE","type":"as.integer","actualType":"String","newColumnName":""}}},"parameters":{"FREEFORM_CODE":"mutate(`AGE` = as.integer(`AGE`))%>%select('GENDER','AGE','AGE_GROUP','INVESTMENT','INCOME','ACTIVITY',' YRLY_AMT','AVG_DAILY_TX','YRLY_TX','AVG_TX_AMT','NEGTWEETS','STATE','EDUCATION','label')"},"inputs":[{"id":"inputPort1","links":[{"node_id_ref":"source1","port_id_ref":"source1output"}]}],"outputs":[{"id":"outputPort1"}]},{"id":"2fcf7302-87ee-4044-8d2f-9da807da155a","type":"execution_node","op":"com.ibm.wdp.transformer.FreeformCode","app_data":{"uiParams":{"key":"mutate","code":"mutate(`INVESTMENT` = as.integer(`INVESTMENT`))","args":{"column":"INVESTMENT","type":"as.integer","actualType":"String","newColumnName":""}}},"parameters":{"FREEFORM_CODE":"mutate(`INVESTMENT` = as.integer(`INVESTMENT`))%>%select('GENDER','AGE','AGE_GROUP','INVESTMENT','INCOME','ACTIVITY',' YRLY_AMT','AVG_DAILY_TX','YRLY_TX','AVG_TX_AMT','NEGTWEETS','STATE','EDUCATION','label')"},"inputs":[{"id":"inputPort1","links":[{"node_id_ref":"9cfa0aa6-cdcf-4547-8c25-2d66f4c445c6","port_id_ref":"outputPort1"}]}],"outputs":[{"id":"outputPort2"}]},{"id":"1b436b57-6cbc-4941-9b83-0707fe3e3d5c","type":"execution_node","op":"com.ibm.wdp.transformer.FreeformCode","app_data":{"uiParams":{"key":"mutate","code":"mutate(`INCOME` = as.integer(`INCOME`))","args":{"column":"INCOME","type":"as.integer","actualType":"String","newColumnName":""}}},"parameters":{"FREEFORM_CODE":"mutate(`INCOME` = as.integer(`INCOME`))%>%select('GENDER','AGE','AGE_GROUP','INVESTMENT','INCOME','ACTIVITY',' YRLY_AMT','AVG_DAILY_TX','YRLY_TX','AVG_TX_AMT','NEGTWEETS','STATE','EDUCATION','label')"},"inputs":[{"id":"inputPort1","links":[{"node_id_ref":"2fcf7302-87ee-4044-8d2f-9da807da155a","port_id_ref":"outputPort2"}]}],"outputs":[{"id":"outputPort3"}]},{"id":"44c7141b-c77d-40c8-ab09-5546a3e540fb","type":"execution_node","op":"com.ibm.wdp.transformer.FreeformCode","app_data":{"uiParams":{"key":"mutate","code":"mutate(`ACTIVITY` = as.integer(`ACTIVITY`))","args":{"column":"ACTIVITY","type":"as.integer","actualType":"String","newColumnName":""}}},"parameters":{"FREEFORM_CODE":"mutate(`ACTIVITY` = as.integer(`ACTIVITY`))%>%select('GENDER','AGE','AGE_GROUP','INVESTMENT','INCOME','ACTIVITY',' YRLY_AMT','AVG_DAILY_TX','YRLY_TX','AVG_TX_AMT','NEGTWEETS','STATE','EDUCATION','label')"},"inputs":[{"id":"inputPort1","links":[{"node_id_ref":"1b436b57-6cbc-4941-9b83-0707fe3e3d5c","port_id_ref":"outputPort3"}]}],"outputs":[{"id":"outputPort4"}]},{"id":"2f6f734b-a0fd-4882-a30a-56e81fae73e8","type":"execution_node","op":"com.ibm.wdp.transformer.FreeformCode","app_data":{"uiParams":{"key":"mutate","code":"mutate(` YRLY_AMT` = as.double(` YRLY_AMT`))","args":{"column":" YRLY_AMT","type":"as.double","actualType":"String","newColumnName":""}}},"parameters":{"FREEFORM_CODE":"mutate(` YRLY_AMT` = as.double(` YRLY_AMT`))%>%select('GENDER','AGE','AGE_GROUP','INVESTMENT','INCOME','ACTIVITY',' YRLY_AMT','AVG_DAILY_TX','YRLY_TX','AVG_TX_AMT','NEGTWEETS','STATE','EDUCATION','label')"},"inputs":[{"id":"inputPort1","links":[{"node_id_ref":"44c7141b-c77d-40c8-ab09-5546a3e540fb","port_id_ref":"outputPort4"}]}],"outputs":[{"id":"outputPort5"}]},{"id":"dbf2d3a9-56bb-4bdb-b4e0-ff5919fd0c12","type":"execution_node","op":"com.ibm.wdp.transformer.FreeformCode","app_data":{"uiParams":{"key":"mutate","code":"mutate(`AVG_DAILY_TX` = as.double(`AVG_DAILY_TX`))","args":{"column":"AVG_DAILY_TX","type":"as.double","actualType":"String","newColumnName":""}}},"parameters":{"FREEFORM_CODE":"mutate(`AVG_DAILY_TX` = as.double(`AVG_DAILY_TX`))%>%select('GENDER','AGE','AGE_GROUP','INVESTMENT','INCOME','ACTIVITY',' YRLY_AMT','AVG_DAILY_TX','YRLY_TX','AVG_TX_AMT','NEGTWEETS','STATE','EDUCATION','label')"},"inputs":[{"id":"inputPort1","links":[{"node_id_ref":"2f6f734b-a0fd-4882-a30a-56e81fae73e8","port_id_ref":"outputPort5"}]}],"outputs":[{"id":"outputPort6"}]},{"id":"4c7ef034-2ea8-4341-aca7-56c7b4da7770","type":"execution_node","op":"com.ibm.wdp.transformer.FreeformCode","app_data":{"uiParams":{"key":"mutate","code":"mutate(`YRLY_TX` = as.integer(`YRLY_TX`))","args":{"column":"YRLY_TX","type":"as.integer","actualType":"String","newColumnName":""}}},"parameters":{"FREEFORM_CODE":"mutate(`YRLY_TX` = as.integer(`YRLY_TX`))%>%select('GENDER','AGE','AGE_GROUP','INVESTMENT','INCOME','ACTIVITY',' YRLY_AMT','AVG_DAILY_TX','YRLY_TX','AVG_TX_AMT','NEGTWEETS','STATE','EDUCATION','label')"},"inputs":[{"id":"inputPort1","links":[{"node_id_ref":"dbf2d3a9-56bb-4bdb-b4e0-ff5919fd0c12","port_id_ref":"outputPort6"}]}],"outputs":[{"id":"outputPort7"}]},{"id":"bc801821-5b1d-4ac2-bd00-1b0db8fdd52c","type":"execution_node","op":"com.ibm.wdp.transformer.FreeformCode","app_data":{"uiParams":{"key":"mutate","code":"mutate(`AVG_TX_AMT` = as.double(`AVG_TX_AMT`))","args":{"column":"AVG_TX_AMT","type":"as.double","actualType":"String","newColumnName":""}}},"parameters":{"FREEFORM_CODE":"mutate(`AVG_TX_AMT` = as.double(`AVG_TX_AMT`))%>%select('GENDER','AGE','AGE_GROUP','INVESTMENT','INCOME','ACTIVITY',' YRLY_AMT','AVG_DAILY_TX','YRLY_TX','AVG_TX_AMT','NEGTWEETS','STATE','EDUCATION','label')"},"inputs":[{"id":"inputPort1","links":[{"node_id_ref":"4c7ef034-2ea8-4341-aca7-56c7b4da7770","port_id_ref":"outputPort7"}]}],"outputs":[{"id":"outputPort8"}]},{"id":"c35bf9fd-042e-4df8-afae-bd4de5a3eb2d","type":"execution_node","op":"com.ibm.wdp.transformer.FreeformCode","app_data":{"uiParams":{"key":"mutate","code":"mutate(`NEGTWEETS` = as.integer(`NEGTWEETS`))","args":{"column":"NEGTWEETS","type":"as.integer","actualType":"String","newColumnName":""}}},"parameters":{"FREEFORM_CODE":"mutate(`NEGTWEETS` = as.integer(`NEGTWEETS`))%>%select('GENDER','AGE','AGE_GROUP','INVESTMENT','INCOME','ACTIVITY',' YRLY_AMT','AVG_DAILY_TX','YRLY_TX','AVG_TX_AMT','NEGTWEETS','STATE','EDUCATION','label')"},"inputs":[{"id":"inputPort1","links":[{"node_id_ref":"bc801821-5b1d-4ac2-bd00-1b0db8fdd52c","port_id_ref":"outputPort8"}]}],"outputs":[{"id":"outputPort9"}]},{"id":"26a68cad-66d0-4b8e-a478-3ddb6f032e24","type":"execution_node","op":"com.ibm.wdp.transformer.FreeformCode","app_data":{"uiParams":{"key":"mutate","code":"mutate(`label` = as.integer(`label`))","args":{"column":"label","type":"as.integer","actualType":"String","newColumnName":""}}},"parameters":{"FREEFORM_CODE":"mutate(`label` = as.integer(`label`))%>%select('GENDER','AGE','AGE_GROUP','INVESTMENT','INCOME','ACTIVITY',' YRLY_AMT','AVG_DAILY_TX','YRLY_TX','AVG_TX_AMT','NEGTWEETS','STATE','EDUCATION','label')"},"inputs":[{"id":"inputPort1","links":[{"node_id_ref":"c35bf9fd-042e-4df8-afae-bd4de5a3eb2d","port_id_ref":"outputPort9"}]}],"outputs":[{"id":"outputPort10"}]},{"id":"target1","type":"binding","data_asset":{"properties":{"name":"cust_summary_final_data.csv_shaped.csv","mode":"overwrite"},"app_data":{}},"input":{"id":"targetInput1","link":{"node_id_ref":"26a68cad-66d0-4b8e-a478-3ddb6f032e24","port_id_ref":"outputPort10"}}}]}]}}